<?xml version="1.0" encoding="utf-8"?>

<!DOCTYPE install PUBLIC "-//Joomla! 2.5//DTD plugin 1.0//EN" "http://www.joomla.org/xml/dtd/1.5/plugin-install.dtd">

<install version="2.5" type="plugin" group="vmpayment" method="upgrade">

	<name>Jeeb VirtueMart Integration</name>

	<creationDate>November 6th 2012</creationDate>
	<author>Jeeb</author>
	<authorUrl>http://jeeb.io</authorUrl>
	<copyright>Copyright (C) 2012</copyright>
	<license>http://www.gnu.org/licenses/gpl-2.0.html GNU/GPL</license>
	<version status="MINOR">1.0.0</version>

	<files>
		<filename plugin="jeeb">jeeb.xml</filename>
		<filename plugin="jeeb">jeeb.php</filename>
		<filename plugin="jeeb">bitcoin_default.png</filename>
		<folder>language</folder>
	</files>
	<languages>
		<language tag="en-GB">en-GB.plg_vmpayment_jeeb.ini</language>
		<language tag="en-GB">en-GB.plg_vmpayment_jeeb.sys.ini</language>
	</languages>
</install>
